mcs,snr,pdr,n
0,11,0.999986301369863,292
0,12,0.9996190476190476,84
0,13,0.9997435897435898,78
0,14,1.0,232
0,15,0.9942780748663101,187
0,16,0.999978813559322,944
0,17,0.9997627118644067,59
0,18,0.9997440000000001,250
1,4,0.9749830508474576,59
1,5,0.9841411042944784,163
1,6,0.9874615384615384,91
1,8,0.9984745762711864,59
1,9,0.9997382550335572,149
1,10,0.9985148514851485,101
1,11,0.9998463687150838,716
1,12,0.9944702702702704,555
1,13,0.9991751152073732,217
1,14,0.995086153846154,650
1,15,0.9990151515151515,660
1,16,0.9999665492957747,1136
1,17,0.9578079169370538,1541
1,18,0.9762196721311475,1525
1,19,0.9998023064250412,607
1,20,1.0,196
2,5,0.9713763440860215,93
2,6,0.979560669456067,239
2,7,0.9770271739130435,184
2,8,0.976475,80
2,9,0.987376811594203,69
2,10,0.999232967032967,455
2,11,0.9997453216374269,3420
2,12,0.9950459132189707,1982
2,13,0.9995257861635221,1590
2,14,0.9992580195258018,2868
2,15,0.9992600243013365,3292
2,16,0.9995710476190476,2625
2,17,0.9996408839779005,1448
2,18,0.9994207972270365,2885
2,19,0.9998348237769594,1901
2,20,0.9973567708333334,768
2,21,1.0,159
3,6,0.9587462686567165,134
3,7,0.9684615384615385,247
3,8,0.9718215488215487,297
3,9,0.9847706422018349,218
3,10,0.9977201365187713,879
3,11,0.9994026535910009,3467
3,12,0.9977843803056028,2356
3,13,0.9988301393728223,2296
3,14,0.9989184709066306,2956
3,15,0.9994193463363205,3794
3,16,0.9996537634408603,2325
3,17,0.9990971175166297,2255
3,18,0.9980496389891697,2216
3,19,0.9983358851674641,1045
3,20,0.9970588235294118,442
3,21,1.0,156
4,-6,1.0,255
4,5,0.880875,40
4,6,0.91225,76
4,7,0.9471597938144329,194
4,8,0.962866576819407,742
4,9,0.9796099426386233,1046
4,10,0.995818439407149,4588
4,11,0.9985907545262384,10881
4,12,0.9974657710710343,5434
4,13,0.998426653750346,7226
4,14,0.9994212921318587,18899
4,15,0.9996082622746564,25683
4,16,0.9997435725249424,20848
4,17,0.9996799422203879,14538
4,18,0.9996221805464037,19729
4,19,0.999593516642547,17275
4,20,0.9999374669905988,9467
4,21,1.0,1621
5,-6,1.0,89
5,6,0.8610294117647058,68
5,7,0.9038354430379748,79
5,8,0.9361510791366906,417
5,9,0.9647537091988131,1348
5,10,0.9902755501959603,6634
5,11,0.9960870327743067,18246
5,12,0.9928198119122258,7975
5,13,0.9964158369450626,8537
5,14,0.9989091248785592,26762
5,15,0.9996257745076343,36152
5,16,0.9996966353753347,30999
5,17,0.999558892981959,21174
5,18,0.9993948904006046,33075
5,19,0.9996696370636329,23117
5,20,0.9997246469833119,12464
5,21,1.0,1883
6,-6,1.0,266
6,6,0.878348623853211,109
6,7,0.8697647058823529,85
6,8,0.9157161716171617,303
6,9,0.9537690941385435,1689
6,10,0.9797560861859901,10721
6,11,0.9905688279230923,35211
6,12,0.9837737267430934,21284
6,13,0.9851123681288173,14408
6,14,0.9933866027809094,21288
6,15,0.9977752593318632,24486
6,16,0.9990913972602741,18250
6,17,0.9983350774526678,14525
6,18,0.9981732591029496,22273
6,19,0.9986320523891767,13896
6,20,0.9988766554141781,7702
6,21,1.0,1234
7,-6,1.0,158
7,6,0.8511538461538461,52
7,7,0.8437924528301887,53
7,8,0.8903974358974358,156
7,9,0.9506661031276415,1183
7,10,0.9678632943627734,8639
7,11,0.9780303806046003,26563
7,12,0.9704084123149352,32286
7,13,0.970450263839271,30511
7,14,0.9811832979722445,28751
7,15,0.990783432251547,15838
7,16,0.9964733002899093,10693
7,17,0.9944502325581396,7525
7,18,0.9925590730657211,7897
7,19,0.9913509811181045,2701
7,20,0.9951172043010752,930
7,21,0.9984782608695653,92
8,-6,1.0,696
8,7,0.8515625,64
8,8,0.8586206896551725,145
8,9,0.9546851851851852,1134
8,10,0.9644808760024676,9726
8,11,0.9718882131324005,37160
8,12,0.9600883280165133,53290
8,13,0.955756100644835,86999
8,14,0.9708199318657118,135321
8,15,0.9851635849496905,72849
8,16,0.9953455887808859,26954
8,17,0.9935246183863193,17426
8,18,0.9904338635560268,14145
8,19,0.985914899120538,3866
8,20,0.9913095384615385,1625
8,21,0.9972794117647058,136
9,-6,1.0,315
9,8,0.8487356321839081,87
9,9,0.957171464330413,799
9,10,0.9684720596840258,6836
9,11,0.9707185918451793,31417
9,12,0.9564679485632946,41449
9,13,0.9526942155916772,80838
9,14,0.9677865356174177,183239
9,15,0.9837801424489273,140682
9,16,0.9951334887686392,57473
9,17,0.9911942252428956,21923
9,18,0.9913536881419234,21420
9,19,0.9900886282803038,10403
9,20,0.994135003325205,4511
9,21,0.9979656160458453,349
10,-6,1.0,792
10,8,0.8301298701298702,77
10,9,0.9532602739726027,730
10,10,0.9666110152204612,6373
10,11,0.9694111473160693,29155
10,12,0.9477767936451538,39403
10,13,0.9538140909235719,62778
10,14,0.9626858206598764,136177
10,15,0.9777585992437896,141495
10,16,0.9925155798915533,93871
10,17,0.9867210838421795,34064
10,18,0.9862895648041279,29458
10,19,0.9810766409974332,10908
10,20,0.9881463367485017,5173
10,21,0.9936199095022624,442
11,-6,1.0,229
11,8,0.82,43
11,9,0.9402606177606178,518
11,10,0.9615157849829352,4688
11,11,0.9714355145806193,19958
11,12,0.9375919027436985,26898
11,13,0.9476261829055947,52836
11,14,0.9619268734275436,85058
11,15,0.9708085315054046,94825
11,16,0.9875200092435371,99529
11,17,0.9835450251659494,54836
11,18,0.9821320998951056,44807
11,19,0.9769155149121895,19246
11,20,0.9866686655147882,9839
11,21,0.9952063106796116,824
12,-6,1.0,376
12,9,0.954454954954955,444
12,10,0.9603210498409332,3772
12,11,0.972631538996774,15809
12,12,0.9429971563981043,15825
12,13,0.9304887640449437,45924
12,14,0.9540330598957044,101059
12,15,0.9743232704402516,127995
12,16,0.9810998733715777,104242
12,17,0.9802968511253355,96860
12,18,0.976574351270871,75224
12,19,0.9731230677145682,38426
12,20,0.982961967276413,20719
12,21,0.9953529171766626,2451
13,-6,1.0,1416
13,9,0.9379852216748769,406
13,10,0.9629062586159359,3627
13,11,0.9751146171373334,14483
13,12,0.9427396937573616,10188
13,13,0.9387762531328321,15960
13,14,0.9399872951940529,40221
13,15,0.9516025722327915,89883
13,16,0.9735721940258638,127282
13,17,0.9767409078286458,205259
13,18,0.9723509787001278,212067
13,19,0.9718144826108691,140030
13,20,0.9821876861121351,70522
13,21,0.9941714710805282,5377
14,-6,1.0,266
14,3,0.9883636363636363,55
14,9,0.9179668049792531,241
14,10,0.9314721669980119,2012
14,11,0.9612415134845028,7453
14,12,0.9350401822027005,6147
14,13,0.9337051898951709,11638
14,14,0.9525167719225593,19318
14,15,0.9550042602314267,36383
14,16,0.9754161850445209,78727
14,17,0.9826988483685221,114620
14,18,0.9708078021756067,69314
14,19,0.9694512696771228,43515
14,20,0.9811393437777122,16915
14,21,0.9920024875621891,804
15,-6,1.0,104
15,9,0.9223841059602649,151
15,10,0.9226711362032463,1417
15,11,0.9534409566517189,5352
15,12,0.9265755829185224,3817
15,13,0.9244765584750129,5823
15,14,0.9415602182123373,9532
15,15,0.9595294767870303,13570
15,16,0.9677670571473801,25268
15,17,0.9727001868867777,64210
15,18,0.9773289486812785,60134
15,19,0.9682040502667029,22122
15,20,0.979140890688259,6175
15,21,0.9901481481481481,270
16,-6,1.0,271
16,9,0.9036301369863015,146
16,10,0.9057083333333333,1032
16,11,0.9447444416687484,4003
16,12,0.9234421613394216,2628
16,13,0.9258088572155765,3929
16,14,0.9555445292620866,6681
16,15,0.9695792986650728,10038
16,16,0.9644844338577443,18052
16,17,0.9526972603101636,37851
16,18,0.9790720151188266,59793
16,19,0.9772177210267047,15428
16,20,0.9855079519636482,3081
16,21,0.9905660377358491,106
17,-6,1.0,161
17,9,0.8968539325842696,89
17,10,0.8995982142857143,672
17,11,0.9400254867256638,2825
17,12,0.8790435540069687,2296
17,13,0.8682523640661939,3384
17,14,0.9331682634730539,3340
17,15,0.9634199338686821,4234
17,16,0.9558486737820987,9463
17,17,0.9335609540399302,37315
17,18,0.9704605876528376,89883
17,19,0.9824412813451224,34495
17,20,0.9931570162785905,4853
17,21,0.9918367346938776,49
18,-6,1.0,275
18,9,0.8906976744186046,86
18,10,0.8879012345679013,567
18,11,0.943009238891333,2273
18,12,0.9117201166180757,1029
18,13,0.9207053364269142,1724
18,14,0.9604686369119421,3316
18,15,0.9761135734072022,3610
18,16,0.9719796643632774,5065
18,17,0.9269448020023241,22374
18,18,0.9562504987996798,93725
18,19,0.9822195958526881,102042
18,20,0.9938728882973277,19534
18,21,0.9923980582524272,103
19,-6,1.0,46
19,3,1.0,47
19,9,0.8716326530612245,49
19,10,0.8795675675675676,370
19,11,0.9426411657559198,1647
19,12,0.8968216560509553,628
19,13,0.8757877947295423,721
19,14,0.9432851458885941,1508
19,15,0.9609863364645602,1171
19,16,0.9806221136767317,2252
19,17,0.929800945508833,4019
19,18,0.9543940835266822,17240
19,19,0.9720853382513203,11929
19,20,0.983069306930693,1717
19,21,0.9913081827842721,941
20,9,0.9,43
20,10,0.8786486486486486,296
20,11,0.9692470226661544,2603
20,12,0.8938071979434447,389
20,13,0.8545876010781672,371
20,14,0.8949720853858785,609
20,15,0.9704288337924701,1089
20,16,0.9899236725663716,2712
20,17,0.9623986835919135,2127
20,18,0.9610064346997139,4196
20,19,0.9760110477548111,2806
20,20,0.9823963254593177,381
20,21,0.9889807162534435,363
21,-6,1.0,56
21,9,0.8970454545454545,44
21,10,0.9874612857813234,2131
21,11,0.9666862910008411,2378
21,12,0.9428898128898129,481
21,13,0.8310166666666666,240
21,14,0.8882536023054755,347
21,15,0.9705022522522523,444
21,16,0.9934686274509804,1530
21,17,0.9365971659919028,494
21,18,0.9452016412661195,853
21,19,0.9787908343125735,851
21,20,0.9790000000000001,51
22,-6,1.0,46
22,10,0.7180701754385965,57
22,11,0.8194470046082949,217
22,12,0.7755555555555556,72
22,13,0.9561825902335457,471
22,14,0.9658323057953144,811
22,15,0.9763472222222223,360
22,16,0.9967245382585751,1895
22,17,0.9793664383561644,292
22,18,0.97889852700491,611
22,19,0.9899567901234567,324
23,11,0.6214864864864865,74
23,12,0.835,46
23,13,0.937688679245283,212
23,14,0.9513197969543147,394
23,15,0.9575604395604396,91
23,16,0.9888819999999999,500
23,17,0.972536231884058,138
23,18,0.975975369458128,203
23,19,0.9759,40
24,11,0.5025581395348837,43
24,13,0.9610567010309278,388
24,14,0.969352290679305,633
24,15,0.98598,250
24,16,0.9807324561403509,228
24,17,0.9991111111111112,315
24,18,0.9958394160583942,411
24,19,0.98925,40
25,10,0.9971310993533216,1701
25,13,0.7739999999999999,45
25,14,0.9341935483870967,93
25,15,0.9886818181818181,198
26,12,0.957752808988764,89
26,13,0.9709574468085106,188
26,14,0.9709130434782609,230
26,15,0.9856370370370371,270
26,16,0.9814814814814815,54
26,18,0.998225806451613,62
27,13,0.9776,125
27,14,0.986046511627907,215
27,16,0.9934615384615384,156
28,15,0.9985365853658537,41
28,16,1.0,703
28,17,1.0,110
28,18,0.9885057471264368,435
