scenario,scheme,n_cells,seed,cycles,mean_pdr,psi_violation_rate,phi_violation_rate,hazard_rate,mean_power_dbm,budget_use
narrowband,per_cell,7,0,300,0.8141139343383769,0.5666666666666667,0.0,0.05142857142857143,25.90142857142857,1.1355052023054433
narrowband,per_cell,7,1,300,0.8026744566275762,0.6166666666666667,0.0,0.05,25.93095238095238,1.1468685492838566
narrowband,per_cell,7,2,300,0.816207540694704,0.6533333333333333,0.0,0.05285714285714286,26.052857142857142,1.1817810114699516
narrowband,per_cell,7,3,300,0.8035216698097862,0.58,0.0,0.04619047619047619,25.886666666666667,1.1266328283726723
narrowband,per_cell,7,4,300,0.7977110988801013,0.6133333333333333,0.0,0.06428571428571428,25.908571428571427,1.138568865730648
narrowband,per_cell,7,5,300,0.8099940099332166,0.59,0.0,0.05380952380952381,25.857619047619046,1.1391599740212275
narrowband,per_cell,7,6,300,0.8074539917233128,0.5666666666666667,0.0,0.05333333333333334,25.80761904761905,1.1184013183807138
narrowband,per_cell,7,7,300,0.8146383151068213,0.6066666666666667,0.0,0.05095238095238095,25.92142857142857,1.1393487727762008
narrowband,per_cell,7,8,300,0.812998616423375,0.61,0.0,0.05952380952380952,25.903333333333332,1.137256839227197
narrowband,per_cell,7,9,300,0.8086948727726231,0.5766666666666667,0.0,0.04619047619047619,25.93952380952381,1.1572239558007913
narrowband,per_cell,7,10,300,0.8157024430675167,0.6133333333333333,0.0,0.05476190476190476,25.95190476190476,1.1514837464672572
narrowband,per_cell,7,11,300,0.8169361428914241,0.6133333333333333,0.0,0.05,25.926190476190477,1.1417800089561874
narrowband,per_cell,7,12,300,0.8079803750492032,0.5433333333333333,0.0,0.05285714285714286,25.809047619047618,1.1160126681218858
narrowband,per_cell,7,13,300,0.8118060761812081,0.53,0.0,0.06666666666666667,25.786666666666665,1.1052359105486744
narrowband,per_cell,7,14,300,0.8090971062549823,0.5366666666666666,0.0,0.04047619047619048,25.804285714285715,1.0968998120298903
narrowband,static_share,7,0,300,0.8096721554431842,0.0,0.0,0.004285714285714286,24.922857142857143,0.8360685616527701
narrowband,static_share,7,1,300,0.8025954176138708,0.0,0.0,0.005238095238095238,24.882857142857144,0.8338609757185966
narrowband,static_share,7,2,300,0.8117324430071952,0.0,0.0,0.004761904761904762,24.905714285714286,0.8370096570966807
narrowband,static_share,7,3,300,0.802159447682067,0.0,0.0,0.006190476190476191,24.91857142857143,0.8377850129419676
narrowband,static_share,7,4,300,0.7971597976295645,0.0,0.0,0.009047619047619047,24.90142857142857,0.8358234170006853
narrowband,static_share,7,5,300,0.8039031331692075,0.0,0.0,0.005714285714285714,24.775714285714287,0.8195416214859995
narrowband,static_share,7,6,300,0.8036634502147859,0.0,0.0,0.006190476190476191,24.837142857142858,0.8251342906731206
narrowband,static_share,7,7,300,0.8091553618003208,0.0,0.0,0.004761904761904762,24.897142857142857,0.8351105460005751
narrowband,static_share,7,8,300,0.8091152922708331,0.0,0.0,0.006666666666666667,24.855714285714285,0.8313032983580627
narrowband,static_share,7,9,300,0.8101118930342271,0.0,0.0,0.005238095238095238,24.837142857142858,0.8277411967068512
narrowband,static_share,7,10,300,0.8109980649606753,0.0,0.0,0.008571428571428572,24.89,0.8343377275169229
narrowband,static_share,7,11,300,0.8137931189868496,0.0,0.0,0.009047619047619047,24.882857142857144,0.8349278848544509
narrowband,static_share,7,12,300,0.8078547539654722,0.0,0.0,0.009047619047619047,24.845714285714287,0.8276854799449881
narrowband,static_share,7,13,300,0.8100470161302079,0.0,0.0,0.009523809523809525,24.884285714285713,0.8317285654554211
narrowband,static_share,7,14,300,0.8096388080652281,0.0,0.0,0.007142857142857143,24.958571428571428,0.8437252335153825
narrowband,sequential,7,0,300,0.8014959282264796,0.0,0.0,0.020476190476190478,24.283333333333335,0.8047181971394411
narrowband,sequential,7,1,300,0.7981400725334049,0.0,0.0,0.020476190476190478,24.195714285714285,0.7970270628895055
narrowband,sequential,7,2,300,0.8009937855790712,0.0,0.0,0.024285714285714285,24.326190476190476,0.8173449898641355
narrowband,sequential,7,3,300,0.7928311019318579,0.0,0.0,0.017142857142857144,24.116666666666667,0.7884912811702072
narrowband,sequential,7,4,300,0.793363736542755,0.0,0.0,0.023333333333333334,24.206666666666667,0.7972606178943045
narrowband,sequential,7,5,300,0.7952417613327445,0.0,0.0,0.02095238095238095,24.165714285714287,0.7981596614610793
narrowband,sequential,7,6,300,0.7946755754267443,0.0,0.0,0.01904761904761905,24.277619047619048,0.8044769493700127
narrowband,sequential,7,7,300,0.7975498993874284,0.0,0.0,0.018095238095238095,24.255714285714287,0.8073228710268561
narrowband,sequential,7,8,300,0.7956329559663159,0.0,0.0,0.025714285714285714,24.155238095238094,0.795786894872858
narrowband,sequential,7,9,300,0.7956680638198623,0.0,0.0,0.02238095238095238,24.222857142857144,0.8051811957963264
narrowband,sequential,7,10,300,0.8078768326787237,0.0,0.0,0.02095238095238095,24.287142857142857,0.8120126893379223
narrowband,sequential,7,11,300,0.8015160467875951,0.0,0.0,0.01904761904761905,24.126666666666665,0.7886170801688431
narrowband,sequential,7,12,300,0.797256453385991,0.0,0.0,0.02,24.193809523809524,0.7918465572435266
narrowband,sequential,7,13,300,0.8057890492387749,0.0,0.0,0.02666666666666667,24.19047619047619,0.791865260955192
narrowband,sequential,7,14,300,0.7992706381873432,0.0,0.0,0.02095238095238095,24.312857142857144,0.804293066625323
wideband,per_cell,7,0,300,0.5440684618791005,0.83,0.0,0.1361904761904762,26.62047619047619,1.3867718933084023
wideband,per_cell,7,1,300,0.5300193093656504,0.82,0.0,0.13333333333333333,26.624761904761904,1.385550608736342
wideband,per_cell,7,2,300,0.5423230318887564,0.82,0.0,0.13380952380952382,26.644285714285715,1.394756539508622
wideband,per_cell,7,3,300,0.5272988978009264,0.83,0.0,0.13476190476190475,26.644285714285715,1.3955916969004007
wideband,per_cell,7,4,300,0.5271091990174548,0.84,0.0,0.14857142857142858,26.596666666666668,1.3822874273175665
wideband,per_cell,7,5,300,0.5393832486155995,0.8166666666666667,0.0,0.12761904761904763,26.53095238095238,1.3739471213932761
wideband,per_cell,7,6,300,0.528217741323586,0.8066666666666666,0.0,0.13714285714285715,26.463809523809523,1.3537647891609905
wideband,per_cell,7,7,300,0.5457640586652442,0.82,0.0,0.11714285714285715,26.54809523809524,1.3711229901170232
wideband,per_cell,7,8,300,0.5407176081080809,0.8066666666666666,0.0,0.15142857142857144,26.588571428571427,1.3857234808158037
wideband,per_cell,7,9,300,0.5397004841642548,0.8366666666666667,0.0,0.12047619047619047,26.55952380952381,1.378180689809693
wideband,per_cell,7,10,300,0.5440119795291158,0.8433333333333334,0.0,0.14238095238095239,26.63142857142857,1.3923652798329667
wideband,per_cell,7,11,300,0.5439952524465457,0.8033333333333333,0.0,0.13285714285714287,26.61809523809524,1.3862991991375684
wideband,per_cell,7,12,300,0.5284128746448432,0.7966666666666666,0.0,0.14476190476190476,26.557142857142857,1.3791037234420418
wideband,per_cell,7,13,300,0.5375082701363741,0.7933333333333333,0.0,0.16666666666666666,26.491904761904763,1.3560857822553893
wideband,per_cell,7,14,300,0.5367212949233088,0.8166666666666667,0.0,0.1219047619047619,26.562380952380952,1.3686782879244384
wideband,static_share,7,0,300,0.4966192731367036,0.0,0.0,0.035238095238095235,24.75,0.8118300782023304
wideband,static_share,7,1,300,0.4873886730913434,0.0,0.0,0.03333333333333333,24.71142857142857,0.8113411995851258
wideband,static_share,7,2,300,0.49696723136116255,0.0,0.0,0.03333333333333333,24.681428571428572,0.8067679028814909
wideband,static_share,7,3,300,0.4831396502939531,0.0,0.0,0.03190476190476191,24.715714285714284,0.8093875010802588
wideband,static_share,7,4,300,0.4848776252607942,0.0,0.0,0.03238095238095238,24.68,0.8057007110725571
wideband,static_share,7,5,300,0.4916537332503495,0.0,0.0,0.03333333333333333,24.6,0.7952426278842911
wideband,static_share,7,6,300,0.4818826510528058,0.0,0.0,0.029047619047619048,24.61285714285714,0.793114729676658
wideband,static_share,7,7,300,0.497421622432401,0.0,0.0,0.034761904761904765,24.672857142857143,0.803268287414672
wideband,static_share,7,8,300,0.4937782685738584,0.0,0.0,0.03238095238095238,24.62857142857143,0.7992820466799878
wideband,static_share,7,9,300,0.49800946179910216,0.0,0.0,0.030952380952380953,24.672857142857143,0.8045127802949492
wideband,static_share,7,10,300,0.4906747290476236,0.0,0.0,0.039523809523809524,24.72,0.8100409899429857
wideband,static_share,7,11,300,0.4935878094316476,0.0,0.0,0.03571428571428571,24.694285714285716,0.8080166278226631
wideband,static_share,7,12,300,0.4928139880603394,0.0,0.0,0.034761904761904765,24.65142857142857,0.8005352823374866
wideband,static_share,7,13,300,0.4941093378390882,0.0,0.0,0.039523809523809524,24.658571428571427,0.8010117528019494
wideband,static_share,7,14,300,0.4957992411642698,0.0,0.0,0.035238095238095235,24.71857142857143,0.8109885707971307
wideband,sequential,7,0,300,0.5237276296611083,0.0,0.0,0.07,24.236666666666668,0.8537555912358276
wideband,sequential,7,1,300,0.5163750147134404,0.0,0.0,0.06714285714285714,24.205714285714286,0.8511524018580384
wideband,sequential,7,2,300,0.5230665116849472,0.0,0.0,0.06285714285714286,24.283333333333335,0.8626571141546774
wideband,sequential,7,3,300,0.5108462323798293,0.0,0.0,0.06,24.096666666666668,0.8367722564221171
wideband,sequential,7,4,300,0.52000930220221,0.0,0.0,0.07047619047619047,24.177142857142858,0.8504509035240561
wideband,sequential,7,5,300,0.5147639825631624,0.0,0.0,0.06619047619047619,24.125238095238096,0.8443254967522553
wideband,sequential,7,6,300,0.5114792672886961,0.0,0.0,0.06285714285714286,24.27095238095238,0.8582163695515325
wideband,sequential,7,7,300,0.5209300946108932,0.0,0.0,0.05333333333333334,24.22904761904762,0.8559672665278807
wideband,sequential,7,8,300,0.5198302714399774,0.0,0.0,0.06285714285714286,24.107619047619046,0.8432062560617362
wideband,sequential,7,9,300,0.5160375917840909,0.0,0.0,0.05238095238095238,24.218095238095238,0.8522789316036102
wideband,sequential,7,10,300,0.5258029277188847,0.0,0.0,0.0719047619047619,24.24,0.8587355923526279
wideband,sequential,7,11,300,0.520914946035547,0.0,0.0,0.056666666666666664,24.10904761904762,0.8373312602584465
wideband,sequential,7,12,300,0.5147435095073759,0.0,0.0,0.06476190476190476,24.234761904761903,0.8463906483917459
wideband,sequential,7,13,300,0.5246347447879417,0.0,0.0,0.07142857142857142,24.195238095238096,0.845697673469892
wideband,sequential,7,14,300,0.5201858069879904,0.0,0.0,0.06428571428571428,24.304761904761904,0.8606323701506134
bursty,per_cell,7,0,300,0.7059690382145025,0.4033333333333333,0.0,0.03666666666666667,25.083333333333332,0.974326727467956
bursty,per_cell,7,1,300,0.6866839855698541,0.4033333333333333,0.0,0.04523809523809524,25.01238095238095,0.9597338851593857
bursty,per_cell,7,2,300,0.6988240307308792,0.38666666666666666,0.0,0.04285714285714286,25.015238095238097,0.9565170401774559
bursty,per_cell,7,3,300,0.7030736834393015,0.42333333333333334,0.0,0.039047619047619046,25.075238095238095,0.970495148527397
bursty,per_cell,7,4,300,0.6931678693108618,0.44333333333333336,0.0,0.04857142857142857,25.053809523809523,0.9649064158167929
bursty,per_cell,7,5,300,0.6956380004851141,0.35333333333333333,0.0,0.039523809523809524,24.851904761904763,0.9339308163424233
bursty,per_cell,7,6,300,0.6964758121734901,0.35333333333333333,0.0,0.04904761904761905,24.87761904761905,0.9368382659836023
bursty,per_cell,7,7,300,0.703030118178131,0.4,0.0,0.04,24.931428571428572,0.9436352437553266
bursty,per_cell,7,8,300,0.7086080162102015,0.4066666666666667,0.0,0.039523809523809524,25.061904761904763,0.9698337825538893
bursty,per_cell,7,9,300,0.6970926778577985,0.41333333333333333,0.0,0.04666666666666667,25.016190476190477,0.9667727637172426
bursty,per_cell,7,10,300,0.7015249918239639,0.42,0.0,0.04285714285714286,25.12,0.9836275647459028
bursty,per_cell,7,11,300,0.6980619699125118,0.3566666666666667,0.0,0.05380952380952381,24.97047619047619,0.951362654562601
bursty,per_cell,7,12,300,0.6979747359482558,0.35333333333333333,0.0,0.04,24.94142857142857,0.94024588040311
bursty,per_cell,7,13,300,0.6999566617121266,0.37666666666666665,0.0,0.05,24.94952380952381,0.9451178562011044
bursty,per_cell,7,14,300,0.6894345874036153,0.38666666666666666,0.0,0.04047619047619048,25.034761904761904,0.9539572932054629
bursty,static_share,7,0,300,0.7077438446979551,0.0,0.0,0.007142857142857143,24.167142857142856,0.7221447803201314
bursty,static_share,7,1,300,0.6860634272731946,0.0,0.0,0.011428571428571429,24.11285714285714,0.7181543102029839
bursty,static_share,7,2,300,0.6996228428736891,0.0,0.0,0.012857142857142857,24.097142857142856,0.7157190651711687
bursty,static_share,7,3,300,0.7042328060129354,0.0,0.0,0.007142857142857143,24.14857142857143,0.7199456544901001
bursty,static_share,7,4,300,0.6911860041693875,0.0,0.0,0.013333333333333334,24.158571428571427,0.7230301590021792
bursty,static_share,7,5,300,0.6974400042329487,0.0,0.0,0.015238095238095238,23.93,0.6920749711191523
bursty,static_share,7,6,300,0.6982536479714779,0.0,0.0,0.014285714285714285,23.981428571428573,0.6971900418279247
bursty,static_share,7,7,300,0.6987938331599182,0.0,0.0,0.01380952380952381,24.05857142857143,0.7084763775886267
bursty,static_share,7,8,300,0.706142810560486,0.0,0.0,0.010476190476190476,24.11,0.7169683527800679
bursty,static_share,7,9,300,0.6958718155214286,0.0,0.0,0.007619047619047619,24.07857142857143,0.7105578658185611
bursty,static_share,7,10,300,0.7012247706840682,0.0,0.0,0.009523809523809525,24.13714285714286,0.7194672106709454
bursty,static_share,7,11,300,0.6972876459706385,0.0,0.0,0.010952380952380953,24.06142857142857,0.7109065465579566
bursty,static_share,7,12,300,0.7006483041380964,0.0,0.0,0.009047619047619047,24.10857142857143,0.7141832989949715
bursty,static_share,7,13,300,0.6982734175982569,0.0,0.0,0.010952380952380953,24.071428571428573,0.7099032489419486
bursty,static_share,7,14,300,0.690351910401129,0.0,0.0,0.011428571428571429,24.228571428571428,0.7338400242984181
bursty,sequential,7,0,300,0.708904319421969,0.0,0.0,0.01619047619047619,22.905238095238094,0.6062004791957033
bursty,sequential,7,1,300,0.6872036175022124,0.0,0.0,0.02095238095238095,22.77190476190476,0.5884895134320505
bursty,sequential,7,2,300,0.6932471640672349,0.0,0.0,0.025714285714285714,22.89952380952381,0.6103872644816786
bursty,sequential,7,3,300,0.6981981798324154,0.0,0.0,0.017619047619047618,22.713809523809523,0.5829717938674438
bursty,sequential,7,4,300,0.6976552580781429,0.0,0.0,0.024761904761904763,22.851904761904763,0.602049675202807
bursty,sequential,7,5,300,0.6837379925853801,0.0,0.0,0.029523809523809525,22.694761904761904,0.5826765977435956
bursty,sequential,7,6,300,0.6954855776169552,0.0,0.0,0.020476190476190478,22.89095238095238,0.6024666964987496
bursty,sequential,7,7,300,0.6941907120821955,0.0,0.0,0.02142857142857143,22.84,0.6027608335809915
bursty,sequential,7,8,300,0.7027127237774835,0.0,0.0,0.017619047619047618,22.692857142857143,0.5843780535708667
bursty,sequential,7,9,300,0.6931774481361663,0.0,0.0,0.025238095238095237,22.87952380952381,0.6109118396167558
bursty,sequential,7,10,300,0.7041141265448109,0.0,0.0,0.024285714285714285,23.052380952380954,0.6286928634539184
bursty,sequential,7,11,300,0.6910523260393239,0.0,0.0,0.02619047619047619,22.722380952380952,0.5821483226631936
bursty,sequential,7,12,300,0.6949422673385226,0.0,0.0,0.016666666666666666,22.87238095238095,0.5982041444176756
bursty,sequential,7,13,300,0.6980739165392412,0.0,0.0,0.025238095238095237,22.76142857142857,0.5884378170940988
bursty,sequential,7,14,300,0.6918983269934609,0.0,0.0,0.02619047619047619,22.885714285714286,0.6017388236351301
backhaul,per_cell,7,0,300,0.7632651813911263,0.6733333333333333,0.0,0.06619047619047619,26.013333333333332,1.2097010088739932
backhaul,per_cell,7,1,300,0.7523238203922353,0.6733333333333333,0.0,0.06857142857142857,25.95,1.1974809291423412
backhaul,per_cell,7,2,300,0.7507058259124914,0.7033333333333334,0.0,0.07380952380952381,25.973333333333333,1.201203717212935
backhaul,per_cell,7,3,300,0.7448103758986311,0.6466666666666666,0.0,0.08095238095238096,25.88047619047619,1.18002236078052
backhaul,per_cell,7,4,300,0.7472591454411839,0.6866666666666666,0.0,0.07476190476190477,25.954761904761906,1.195248972765398
backhaul,per_cell,7,5,300,0.7487674950990615,0.64,0.0,0.06666666666666667,25.734285714285715,1.1516359887146328
backhaul,per_cell,7,6,300,0.7470943296338836,0.6633333333333333,0.0,0.06476190476190476,25.861428571428572,1.1738172912355835
backhaul,per_cell,7,7,300,0.7534992210540786,0.64,0.0,0.06476190476190476,25.787619047619046,1.1584042078111079
backhaul,per_cell,7,8,300,0.7564184264503921,0.6633333333333333,0.0,0.06190476190476191,25.894761904761904,1.1797308661847092
backhaul,per_cell,7,9,300,0.7556233792232528,0.69,0.0,0.06333333333333334,25.976666666666667,1.2082925285963377
backhaul,per_cell,7,10,300,0.7567940139118027,0.6833333333333333,0.0,0.06523809523809523,25.972380952380952,1.1960036595669343
backhaul,per_cell,7,11,300,0.7585817405659743,0.66,0.0,0.08,25.901904761904763,1.182175082373313
backhaul,per_cell,7,12,300,0.7438618420698185,0.6666666666666666,0.0,0.06095238095238095,25.88095238095238,1.1819062963616591
backhaul,per_cell,7,13,300,0.750334344331806,0.6,0.0,0.0719047619047619,25.765238095238097,1.1506750808197421
backhaul,per_cell,7,14,300,0.7487760486263146,0.6733333333333333,0.0,0.048095238095238094,25.927142857142858,1.1831231081519187
backhaul,static_share,7,0,300,0.7566348740030948,0.0,0.0,0.006666666666666667,24.644285714285715,0.7965631431155884
backhaul,static_share,7,1,300,0.7530113378213662,0.0,0.0,0.002380952380952381,24.6,0.7918063412642391
backhaul,static_share,7,2,300,0.7460487887706811,0.0,0.0,0.006666666666666667,24.557142857142857,0.7857470724037624
backhaul,static_share,7,3,300,0.7413358104284591,0.0,0.0,0.008571428571428572,24.55,0.7811827998112125
backhaul,static_share,7,4,300,0.7471081934165795,0.0,0.0,0.008095238095238095,24.604285714285716,0.7915713487371249
backhaul,static_share,7,5,300,0.7492902247254265,0.0,0.0,0.006666666666666667,24.45,0.770242326094408
backhaul,static_share,7,6,300,0.7477245642885821,0.0,0.0,0.008095238095238095,24.572857142857142,0.785338445520041
backhaul,static_share,7,7,300,0.753417449674508,0.0,0.0,0.004761904761904762,24.53857142857143,0.7833106993580617
backhaul,static_share,7,8,300,0.7553285779256125,0.0,0.0,0.004761904761904762,24.61857142857143,0.7929388392922796
backhaul,static_share,7,9,300,0.7523352798235702,0.0,0.0,0.005714285714285714,24.545714285714286,0.7847946968209956
backhaul,static_share,7,10,300,0.7531121467677288,0.0,0.0,0.005238095238095238,24.65,0.7964469162024567
backhaul,static_share,7,11,300,0.7583109840693233,0.0,0.0,0.005238095238095238,24.58,0.7885994057626574
backhaul,static_share,7,12,300,0.7441344665203964,0.0,0.0,0.007142857142857143,24.56714285714286,0.784328943827662
backhaul,static_share,7,13,300,0.7470092868810446,0.0,0.0,0.009047619047619047,24.565714285714286,0.784150514742433
backhaul,static_share,7,14,300,0.7491273900518208,0.0,0.0,0.005238095238095238,24.658571428571427,0.7987608582586546
backhaul,sequential,7,0,300,0.7570421179402403,0.0,0.0,0.02619047619047619,23.992857142857144,0.8015119004244836
backhaul,sequential,7,1,300,0.7475509649495766,0.0,0.0,0.027142857142857142,23.856190476190477,0.7891358122953278
backhaul,sequential,7,2,300,0.7462259276354812,0.0,0.0,0.037142857142857144,23.993809523809524,0.81021863721134
backhaul,sequential,7,3,300,0.739856514283256,0.0,0.0,0.04285714285714286,23.796666666666667,0.7803042775777663
backhaul,sequential,7,4,300,0.7417225588526116,0.0,0.0,0.0380952380952381,23.93095238095238,0.7971761979686474
backhaul,sequential,7,5,300,0.7485053937905092,0.0,0.0,0.032857142857142856,23.782857142857143,0.7776319480179271
backhaul,sequential,7,6,300,0.7484362274220103,0.0,0.0,0.032857142857142856,24.006190476190476,0.7982539989707231
backhaul,sequential,7,7,300,0.752737497378441,0.0,0.0,0.03571428571428571,23.89047619047619,0.7896925469107798
backhaul,sequential,7,8,300,0.7518081144724207,0.0,0.0,0.02761904761904762,23.80047619047619,0.7767505744582123
backhaul,sequential,7,9,300,0.7481126854429991,0.0,0.0,0.03,23.865238095238094,0.788480039512071
backhaul,sequential,7,10,300,0.7573787715731665,0.0,0.0,0.02761904761904762,23.984761904761903,0.7971616067879255
backhaul,sequential,7,11,300,0.7532200479021548,0.0,0.0,0.035238095238095235,23.78095238095238,0.781948071463049
backhaul,sequential,7,12,300,0.7432147495024304,0.0,0.0,0.035238095238095235,23.962380952380954,0.7935005688516581
backhaul,sequential,7,13,300,0.7465330622692223,0.0,0.0,0.03666666666666667,23.867619047619048,0.7834044869338173
backhaul,sequential,7,14,300,0.7521362372034606,0.0,0.0,0.028095238095238097,24.02952380952381,0.8111616686535726
compromised_xapp,per_cell,7,0,300,0.8201802413643277,0.74,0.0,0.17761904761904762,26.186190476190475,1.2290918721055613
compromised_xapp,per_cell,7,1,300,0.806831585193229,0.7833333333333333,0.0,0.17142857142857143,26.16857142857143,1.231940328451952
compromised_xapp,per_cell,7,2,300,0.8234775816232196,0.8,0.0,0.1742857142857143,26.31047619047619,1.2784195367802822
compromised_xapp,per_cell,7,3,300,0.8084805535535952,0.78,0.0,0.18428571428571427,26.235714285714284,1.2506364709906344
compromised_xapp,per_cell,7,4,300,0.8161996757934442,0.7966666666666666,0.0,0.18333333333333332,26.25095238095238,1.2519048722103734
compromised_xapp,per_cell,7,5,300,0.8114221571195253,0.7566666666666667,0.0,0.17142857142857143,26.13952380952381,1.2335864089235073
compromised_xapp,per_cell,7,6,300,0.8201684063628584,0.7433333333333333,0.0,0.1738095238095238,26.132857142857144,1.2282387581751288
compromised_xapp,per_cell,7,7,300,0.8133613172601901,0.7833333333333333,0.0,0.19904761904761906,26.277619047619048,1.2597726069414694
compromised_xapp,per_cell,7,8,300,0.8143359348822753,0.76,0.0,0.16904761904761906,26.235714285714284,1.2532924903445755
compromised_xapp,per_cell,7,9,300,0.8233482829177339,0.8033333333333333,0.0,0.1880952380952381,26.36095238095238,1.2962782482458677
compromised_xapp,per_cell,7,10,300,0.8174455971300005,0.78,0.0,0.1761904761904762,26.284761904761904,1.2644226560728593
compromised_xapp,per_cell,7,11,300,0.8195305052151941,0.7233333333333334,0.0,0.18333333333333332,26.14857142857143,1.229998562615197
compromised_xapp,per_cell,7,12,300,0.8184904826321266,0.74,0.0,0.17285714285714285,26.10904761904762,1.2193261015036108
compromised_xapp,per_cell,7,13,300,0.8229143794960238,0.7766666666666666,0.0,0.18571428571428572,26.26904761904762,1.2551831010262744
compromised_xapp,per_cell,7,14,300,0.8178431435100649,0.7633333333333333,0.0,0.16857142857142857,26.22714285714286,1.2453975919713465
compromised_xapp,static_share,7,0,300,0.799612068775344,0.0,0.0,0.11666666666666667,24.82857142857143,0.831114717147863
compromised_xapp,static_share,7,1,300,0.787242461749606,0.0,0.0,0.1261904761904762,24.77857142857143,0.8269491993087114
compromised_xapp,static_share,7,2,300,0.7998673205158495,0.0,0.0,0.11952380952380952,24.75,0.8224935428836053
compromised_xapp,static_share,7,3,300,0.7823923258595471,0.0,0.0,0.13095238095238096,24.747142857142858,0.821368092933526
compromised_xapp,static_share,7,4,300,0.7896297046052735,0.0,0.0,0.12,24.75,0.8232641040002704
compromised_xapp,static_share,7,5,300,0.7886627086283047,0.0,0.0,0.1180952380952381,24.66857142857143,0.8116800095334141
compromised_xapp,static_share,7,6,300,0.7947540242612657,0.0,0.0,0.11714285714285715,24.697142857142858,0.8154233616437849
compromised_xapp,static_share,7,7,300,0.7906747820194916,0.0,0.0,0.12428571428571429,24.76,0.8221420421094959
compromised_xapp,static_share,7,8,300,0.7975353878781745,0.0,0.0,0.12238095238095238,24.742857142857144,0.8211874104989577
compromised_xapp,static_share,7,9,300,0.795587867433004,0.0,0.0,0.11047619047619048,24.677142857142858,0.8144678833532244
compromised_xapp,static_share,7,10,300,0.7926467773753665,0.0,0.0,0.12333333333333334,24.78142857142857,0.8252910034822275
compromised_xapp,static_share,7,11,300,0.801479690329805,0.0,0.0,0.13,24.737142857142857,0.8191124063400415
compromised_xapp,static_share,7,12,300,0.7987344328330049,0.0,0.0,0.11476190476190476,24.717142857142857,0.8174457490701995
compromised_xapp,static_share,7,13,300,0.7916886331543942,0.0,0.0,0.12476190476190477,24.767142857142858,0.8235675014366368
compromised_xapp,static_share,7,14,300,0.7950029049427362,0.0,0.0,0.1180952380952381,24.77857142857143,0.82748195054198
compromised_xapp,sequential,7,0,300,0.7852070329499848,0.0,0.0,0.12476190476190477,24.365238095238094,0.8464565403494585
compromised_xapp,sequential,7,1,300,0.7734184190739145,0.0,0.0,0.1357142857142857,24.187142857142856,0.8272347833305702
compromised_xapp,sequential,7,2,300,0.7881626436776445,0.0,0.0,0.12857142857142856,24.276666666666667,0.8334206332351927
compromised_xapp,sequential,7,3,300,0.7760237766020037,0.0,0.0,0.15047619047619049,24.187142857142856,0.830775675812544
compromised_xapp,sequential,7,4,300,0.7854231318886524,0.0,0.0,0.1319047619047619,24.249523809523808,0.8323764431598586
compromised_xapp,sequential,7,5,300,0.7755874700750238,0.0,0.0,0.1295238095238095,24.180476190476192,0.8226780891495431
compromised_xapp,sequential,7,6,300,0.781919967563375,0.0,0.0,0.12857142857142856,24.24142857142857,0.8295073282843914
compromised_xapp,sequential,7,7,300,0.7792501634290405,0.0,0.0,0.13952380952380952,24.302857142857142,0.8415793197262137
compromised_xapp,sequential,7,8,300,0.7854704244695246,0.0,0.0,0.13523809523809524,24.17952380952381,0.8332195449736953
compromised_xapp,sequential,7,9,300,0.7816151944868521,0.0,0.0,0.12714285714285714,24.231428571428573,0.8309342792600309
compromised_xapp,sequential,7,10,300,0.7851022922312522,0.0,0.0,0.14095238095238094,24.303809523809523,0.83789977177991
compromised_xapp,sequential,7,11,300,0.7868242883394604,0.0,0.0,0.14285714285714285,24.17904761904762,0.8237096582696098
compromised_xapp,sequential,7,12,300,0.7951341470728235,0.0,0.0,0.13142857142857142,24.32,0.8377510321263657
compromised_xapp,sequential,7,13,300,0.7831086191297477,0.0,0.0,0.13666666666666666,24.23857142857143,0.8347789555162083
compromised_xapp,sequential,7,14,300,0.7841794467893362,0.0,0.0,0.13523809523809524,24.35952380952381,0.8432305756016025
compound,per_cell,7,0,300,0.634864566516838,0.87,0.0,0.39571428571428574,26.902380952380952,1.4470100174150629
compound,per_cell,7,1,300,0.6316543908758046,0.8533333333333334,0.0,0.3757142857142857,26.892380952380954,1.4377381026784255
compound,per_cell,7,2,300,0.6439183184842354,0.86,0.0,0.40190476190476193,26.971904761904764,1.4816053686508444
compound,per_cell,7,3,300,0.6205029639527467,0.8633333333333333,0.0,0.42142857142857143,26.963333333333335,1.4688840131802665
compound,per_cell,7,4,300,0.6330894349648194,0.8933333333333333,0.0,0.38761904761904764,26.924285714285713,1.466696544310466
compound,per_cell,7,5,300,0.63112681823907,0.88,0.0,0.41333333333333333,26.87238095238095,1.4516199169862456
compound,per_cell,7,6,300,0.6261773698510211,0.86,0.0,0.40095238095238095,26.829047619047618,1.4376277783349558
compound,per_cell,7,7,300,0.6282751685512737,0.8666666666666667,0.0,0.37761904761904763,26.905238095238094,1.4572127580428154
compound,per_cell,7,8,300,0.6395870301627347,0.8533333333333334,0.0,0.38761904761904764,26.89857142857143,1.4549959629350018
compound,per_cell,7,9,300,0.6297699144766804,0.8733333333333333,0.0,0.38666666666666666,26.89761904761905,1.4549642154639406
compound,per_cell,7,10,300,0.6331094984282534,0.8866666666666667,0.0,0.4038095238095238,26.956190476190475,1.458706153331525
compound,per_cell,7,11,300,0.6351520000408507,0.8566666666666667,0.0,0.38333333333333336,26.88095238095238,1.4524101453541303
compound,per_cell,7,12,300,0.6353648249115013,0.85,0.0,0.3761904761904762,26.763809523809524,1.4206866849742286
compound,per_cell,7,13,300,0.6370521123931677,0.8533333333333334,0.0,0.3904761904761905,26.845238095238095,1.4338393763315234
compound,per_cell,7,14,300,0.6339092164736262,0.8866666666666667,0.0,0.37714285714285717,26.90047619047619,1.4548850637434512
compound,static_share,7,0,300,0.570530175820685,0.0,0.0,0.3638095238095238,24.998571428571427,0.8537526935491576
compound,static_share,7,1,300,0.5621731745945694,0.0,0.0,0.36333333333333334,25.042857142857144,0.8604049411210921
compound,static_share,7,2,300,0.5749488923481563,0.0,0.0,0.3638095238095238,24.867142857142856,0.8380016745738327
compound,static_share,7,3,300,0.5496653538698443,0.0,0.0,0.34904761904761905,24.96142857142857,0.8484653978315269
compound,static_share,7,4,300,0.5600024918024529,0.0,0.0,0.36714285714285716,24.93,0.8460242300572041
compound,static_share,7,5,300,0.5661860623438211,0.0,0.0,0.3580952380952381,24.83,0.8308186518017531
compound,static_share,7,6,300,0.5625590057626806,0.0,0.0,0.3619047619047619,24.854285714285716,0.8372862635336557
compound,static_share,7,7,300,0.5601049618298027,0.0,0.0,0.3519047619047619,24.935714285714287,0.8459077218102089
compound,static_share,7,8,300,0.5619112186903541,0.0,0.0,0.36095238095238097,24.915714285714287,0.843233818875759
compound,static_share,7,9,300,0.5649925817194766,0.0,0.0,0.3628571428571429,24.86857142857143,0.8375283068171632
compound,static_share,7,10,300,0.5597735722005862,0.0,0.0,0.3657142857142857,24.998571428571427,0.8532784804516818
compound,static_share,7,11,300,0.5596664620813367,0.0,0.0,0.3628571428571429,24.89,0.8387218776641993
compound,static_share,7,12,300,0.5655586928528358,0.0,0.0,0.3414285714285714,24.88142857142857,0.8383036626624502
compound,static_share,7,13,300,0.5728130307624435,0.0,0.0,0.34476190476190477,24.967142857142857,0.8507784932077027
compound,static_share,7,14,300,0.5717634230480089,0.0,0.0,0.3538095238095238,24.96,0.8495311802927114
compound,sequential,7,0,300,0.5930341896855755,0.0,0.0,0.3619047619047619,24.69142857142857,0.885291812671408
compound,sequential,7,1,300,0.5747450286142475,0.0,0.0,0.36666666666666664,24.60857142857143,0.874746866011604
compound,sequential,7,2,300,0.5848530368374079,0.0,0.0,0.37238095238095237,24.615238095238094,0.8807717637320096
compound,sequential,7,3,300,0.5669422023329499,0.0,0.0,0.36333333333333334,24.56142857142857,0.8754042217924
compound,sequential,7,4,300,0.5752129253080377,0.0,0.0,0.36047619047619045,24.53238095238095,0.8739985626068667
compound,sequential,7,5,300,0.5788893766084227,0.0,0.0,0.36095238095238097,24.523809523809526,0.8782221430844921
compound,sequential,7,6,300,0.5770350811474736,0.0,0.0,0.36523809523809525,24.594761904761906,0.8790547104566877
compound,sequential,7,7,300,0.5715727223677524,0.0,0.0,0.35,24.55666666666667,0.879012131045245
compound,sequential,7,8,300,0.5816411963432181,0.0,0.0,0.36142857142857143,24.514761904761905,0.8724212917586971
compound,sequential,7,9,300,0.578350899793068,0.0,0.0,0.36523809523809525,24.527619047619048,0.8703857439841405
compound,sequential,7,10,300,0.5783928660638488,0.0,0.0,0.36904761904761907,24.654285714285713,0.8874791757982773
compound,sequential,7,11,300,0.5755436602836019,0.0,0.0,0.3619047619047619,24.546666666666667,0.8709894211803095
compound,sequential,7,12,300,0.5896907915495878,0.0,0.0,0.3323809523809524,24.62857142857143,0.8838534074499728
compound,sequential,7,13,300,0.5857994663102047,0.0,0.0,0.3404761904761905,24.54809523809524,0.8726830202224343
compound,sequential,7,14,300,0.5845009597425807,0.0,0.0,0.3576190476190476,24.624285714285715,0.8848330114830599
